spinacia	0	0
coffea	0	0
buus	0	0
ranunculus	0	0
calycanthus	0	0
illicium	0	0
amborella	0	0
nymphaea	0	0
welwitschia	0	0
gnetum	0	0
ephedra	0	0
cryptomeria	0	0
pinus_contorta	0	0
cycas	0	0
angiopteris	0	0
adiantum	0	0
psilotum	0	0
anthoceros	0	0
ptilidium	0	0
aneura	0	0
marchantia	0	0
syntrichia	0	0
physcomitrella	0	0
chaetosphaeridium	0	0
zygnema	0	0
staurastrum	0	0
chara	0	0
klebsormidium	0	0
stigeoclonium	0	0
schizomeris	0	0
floydiella	1	1
oedogonium	0	0
volvox	0	0
chlamydomonas	0	0
dunaliella	1	1
scenedesmus	0	0
bryopsis	1	1
pedinomonas	1	1
oocystis	0	0
pseudendoclonium	1	1
oltmannsiellopsis	1	1
parachlorella	1	1
leptosira	0	0
coccomya	0	0
pycnococcus	1	1
nephroselmis	0	0
ostreococcus	1	1
micromonas	1	1
monomasti	0	0
pyramimonas	1	1
prasinoderma	1	1
prasinococcus	1	1
verdigellas	1	1
mesostigma	0	0
chlorokybus	0	0
cyanophora	0	0
phaeodactylum	1	1
fistulifera	1	1
synedra	0	0
thalassiosira	1	1
odontella	1	1
porphyra_yez	1	1
porphyra_pur	1	1
gracilaria	1	1
cyanidium	0	0
cyanidioschyzon	0	0
gloeomargarita	0	0
synechocystis_pcc6803	0	0
microcystis_nies843	0	0
cyanothece_pcc7424	0	0
cyanothece_ccy0110	1	1
crocosphaera_wh0003	1	1
cyanothece_pcc8801	0	0
pleurocapsa_pcc7327	0	0
prochloron_solomon	1	1
prochloron_fiji	1	1
synechococcus_pcc7002	2	1
leptolyngbya_pcc7376	1	1
microcoleus_pcc7420	1	1
lyngbya_3l	1	1
lyngbya_pcc8106	1	1
arthrospira_pcc8005	1	1
trichodesmium_ims101	1	1
oscillatoria_pcc6506	0	0
microcoleus_fgp2	0	0
raphidiopsis_d9	0	0
nostoc_0708	0	0
anabaena_pcc7122	0	0
nodularia_ccy9414	0	0
nostoc_pcc73102	0	0
nostoc_pcc7120	0	0
calothrix_pcc6303	0	0
richelia_hm01	1	1
richelia_hh01	1	1
fischerella_jsc11	0	0
p_marinus_mit9515	1	1
p_marinus_as9601	1	1
p_marinus_mit9211	1	1
p_marinus_mit9303	1	1
synechococcus_wh8016	1	1
synechococcus_cc9605	1	1
paulinella	0	0
cyanobium_pcc7001	2	1
cyanobium_pcc6307	0	0
synechococcus_cb0101	1	1
synechococcus_rcc307	1	1
synechococcus_pcc6301	0	0
synechococcus_pcc7335	1	1
leptolyngbya_pcc7375	1	1
nodosilinea_pcc7104	1	1
thermosynechococcus_bp1	0	0
cyanothece_pcc7425	0	0
acaryochloris_mbic11017	1	1
pseudanabaena_pcc7367	1	1
pseudanabaena_pcc6802	0	0
pseudanabaena_pcc7429	0	0
synechococcus_ja33ab	0	0
synechococcus_ja23bprimea213	0	0
gloeobacter_pcc7421	0	0
